{
    "transform": [
        [
            0.999997079372406,
            0.0024010834749788046,
            0.0001459270715713501,
            0.10072071105241776
        ],
        [
            0.0001459270715713501,
            -0.12110352516174316,
            0.9926398992538452,
            -0.0952983945608139
        ],
        [
            0.0024010834749788046,
            -0.9926369786262512,
            -0.12110352516174316,
            0.014033302664756775
        ]
    ],
    "scale": 0.15147815203403728
}